feature,mutual_information_score,selected_in_training_only
weekday_sin,0.4789271836587692,True
lag_7,0.4229041334905759,True
lag_28,0.4169047299123303,True
lag_21,0.3972133488377163,True
lag_14,0.3878224120703484,True
weekday_cos,0.14660813211056078,True
lag_9,0.1179814510466386,True
lag_12,0.10326403300015485,True
lag_19,0.10301753028745342,True
lag_5,0.10012146579903813,True
lag_1,0.08687747137322166,False
lag_23,0.08616647513302045,False
lag_26,0.08470617741207054,False
lag_2,0.08119438837568271,False
lag_16,0.08067531168728692,False
lag_18,0.0786751868193809,False
lag_4,0.07480920969943483,False
lag_25,0.06980830888489464,False
lag_17,0.06919775023325148,False
lag_11,0.06591258820356849,False
lag_24,0.06487828767434145,False
lag_27,0.06273696121351335,False
mean_28,0.06081924132662486,False
mean_7,0.060666347912283314,False
lag_13,0.0511675871336541,False
lag_3,0.043944246699692435,False
lag_10,0.041827321523479455,False
lag_15,0.03834214054934293,False
lag_8,0.03519076073478988,False
lag_6,0.03515327209906616,False
lag_22,0.033302747429398316,False
year_sin,0.01954878954899364,False
lag_20,0.013553122800580297,False
year_cos,0.008756846514629046,False
