split,forecast_month,days,actual_total,forecast_total,mean_signed_error,mae
test,2022-03,15,265.0,237.32892984419206,1.8447380103871964,4.882915304091761
test,2022-04,111,1504.0,1499.8406391733702,0.03747171915882678,3.4746005199168195
test,2022-05,134,1753.0,1875.2675753766339,-0.9124445923629387,5.565100526748511
test,2022-06,128,2128.0,1764.9405189227948,2.836402195915665,4.282749800415635
test,2022-07,132,1731.0,1992.7603044487862,-1.9830326094605015,6.073067277733641
test,2022-08,134,2185.0,2065.100086796712,0.8947754716663288,3.316126565517787
test,2022-09,128,2271.0,1944.5590293043153,2.5503200835600373,4.967771387626018
test,2022-10,133,2324.0,2256.6640323478855,0.5062854710685315,3.7596494412337873
test,2022-11,129,2432.0,2307.3292146838257,0.9664401962494128,4.4624391220252875
test,2022-12,132,2469.0,2426.191127377917,0.3243096410763876,5.438126732184861
test,2023-01,134,2725.0,2596.071106561215,0.9621559211849635,4.410048596980636
test,2023-02,109,2180.0,2071.742443507143,0.9931885916775859,4.672765160892019
test,2023-03,21,493.0,401.6536029151257,4.349828432613061,9.50475719176588
validation,2021-03,30,374.0,333.8215160485918,1.3392827983802733,2.8264507715655762
validation,2021-04,122,1345.0,1320.8784763918727,0.1977174066239941,3.24483443366721
validation,2021-05,133,1527.0,1446.188456632398,0.607605589230091,4.52693354364004
validation,2021-06,129,1922.0,1543.9358041928533,2.930730200055401,5.41223791433035
validation,2021-07,132,1382.0,1668.4106206746262,-2.1697774293532293,4.605320501042823
validation,2021-08,134,1893.0,1658.0500448808652,1.7533578740233933,3.606410771346238
validation,2021-09,128,1841.0,1698.6227564489527,1.1123222152425574,4.223568975789707
validation,2021-10,132,1414.0,1668.7100274988195,-1.9296214204456017,3.2354191685972506
validation,2021-11,130,1784.0,1588.237328012909,1.5058667075930074,4.97490648602485
validation,2021-12,132,2367.0,1854.6387172860432,3.8815248690451276,6.780908135574443
validation,2022-01,133,2035.0,2171.7521044020273,-1.0282113112934397,4.153162559630939
validation,2022-02,96,1684.0,1467.7107398082442,2.2530131269974567,3.6323075382002243
validation,2022-03,9,126.0,153.9816913602577,-3.1090768178064137,4.936214437257812
