month,tickets
2016-01,536
2016-02,427
2016-03,410
2016-04,265
2016-05,230
2016-06,182
2016-07,155
2016-08,185
2016-09,187
2016-10,343
2016-11,278
2016-12,279
2017-01,291
2017-02,227
2017-03,322
2017-04,217
2017-05,266
2017-06,146
2017-07,251
2017-08,246
2017-09,168
2017-10,264
2017-11,244
2017-12,257
2018-01,325
2018-02,220
2018-03,264
2018-04,284
2018-05,291
2018-06,230
2018-07,231
2018-08,206
2018-09,208
2018-10,274
2018-11,245
2018-12,273
2019-01,359
2019-02,274
2019-03,233
2019-04,230
2019-05,212
2019-06,196
2019-07,297
2019-08,187
2019-09,283
2019-10,231
2019-11,229
2019-12,246
2020-01,211
2020-02,195
2020-03,238
2020-04,194
2020-05,194
2020-06,294
2020-07,306
2020-08,289
2020-09,344
2020-10,316
2020-11,299
2020-12,315
2021-01,377
2021-02,338
2021-03,340
2021-04,328
2021-05,346
2021-06,433
2021-07,317
2021-08,426
2021-09,418
2021-10,321
2021-11,403
2021-12,539
2022-01,459
2022-02,477
2022-03,433
2022-04,395
2022-05,390
2022-06,492
2022-07,405
2022-08,492
2022-09,512
2022-10,525
2022-11,552
2022-12,565
2023-01,616
2023-02,550
2023-03,300
