column,dtype,rows_processed,present_rows,missing_rows,missing_pct,unique_values
id,float64,66691,66691,0,0.0,66691
started,object,66691,66691,0,0.0,66281
ended,object,66691,66691,0,0.0,65786
issue_num,float64,66691,66691,0,0.0,3542
issue_proj,object,66691,66691,0,0.0,358
issue_reporter,object,66691,66691,0,0.0,1114
issue_assignee,object,66691,35644,31047,46.5535079695911,381
issue_contr_count,float64,66691,66691,0,0.0,9
issue_type,object,66691,66691,0,0.0,15
issue_priority,object,66691,66691,0,0.0,7
issue_created,object,66691,66691,0,0.0,66281
issue_resolution_date,object,66691,65838,853,1.2790331528991918,64938
issue_resolution,object,66691,65838,853,1.2790331528991918,4
issue_status,object,66691,66691,0,0.0,15
issue_comments_count,int64,66691,66691,0,0.0,198
last_change_date,object,66691,66690,1,0.001499452699764586,59651
wf_in_review,float64,66691,77,66614,99.88454214211812,61
wfe_in_review,int64,66691,66691,0,0.0,3
wf_deployment,float64,66691,135,66556,99.79757388553178,105
wfe_deployment,int64,66691,66691,0,0.0,5
wf_resolved,float64,66691,28145,38546,57.797903765125724,17870
wfe_resolved,int64,66691,66691,0,0.0,9
wf_open,float64,66691,66613,78,0.1169573105816377,53083
wfe_open,int64,66691,66691,0,0.0,8
wf_monitoring,float64,66691,518,66173,99.22328350152195,449
wfe_monitoring,int64,66691,66691,0,0.0,5
wf_done,float64,66691,860,65831,98.71047067820246,765
wfe_done,int64,66691,66691,0,0.0,6
wf_pending_customer_approval,float64,66691,254,66437,99.6191390142598,254
wfe_pending_customer_approval,int64,66691,66691,0,0.0,6
wf_rejected,float64,66691,112,66579,99.83206129762637,110
wfe_rejected,int64,66691,66691,0,0.0,3
wf_testing_monitoring,float64,66691,290,66401,99.56515871706827,287
wfe_testing_monitoring,int64,66691,66691,0,0.0,5
wf_in_progress,float64,66691,36747,29944,44.89961164175076,30898
wfe_in_progress,int64,66691,66691,0,0.0,24
wf_reopened,float64,66691,2123,64568,96.81666191839979,1407
wfe_reopened,int64,66691,66691,0,0.0,7
wf_to_do,float64,66691,785,65906,98.8229296306848,732
wfe_to_do,int64,66691,66691,0,0.0,6
wf_validation,float64,66691,2961,63730,95.56012055599706,2920
wfe_validation,int64,66691,66691,0,0.0,11
wf_resolved_under_monitoring,float64,66691,1931,64760,97.10455683675458,1920
wfe_resolved_under_monitoring,int64,66691,66691,0,0.0,5
wf_closed,float64,66691,1595,65096,97.6083729438755,1381
wfe_closed,int64,66691,66691,0,0.0,8
wf_waiting,float64,66691,19704,46987,70.4547840038386,19452
wfe_waiting,int64,66691,66691,0,0.0,20
wf_cancelled,float64,66691,160,66531,99.76008756803768,131
wfe_cancelled,int64,66691,66691,0,0.0,4
wf_under_review,float64,66691,1821,64870,97.26949663372869,1550
wfe_under_review,int64,66691,66691,0,0.0,5
wf_approved,float64,66691,1630,65061,97.55589209938373,1539
wfe_approved,int64,66691,66691,0,0.0,8
wf_pending_deployment,float64,66691,1413,65278,97.88127333523265,1408
wfe_pending_deployment,int64,66691,66691,0,0.0,7
wf_total_time,float64,66691,66691,0,0.0,65322
processing_steps,int64,66691,66691,0,0.0,47
