issue_proj,assessed,reference_met_rate,group_stability
1d83,1,1.0,small group: unstable estimate
C00d3dzwj28av.ew8x3,7,0.8571428571428571,small group: unstable estimate
C01gg0xa,126,0.11904761904761904,at least 30 records
C01gg1_3_,122,0.04918032786885246,at least 30 records
C01ggd_0,219,0.0502283105022831,at least 30 records
C01ggz-3,219,0.2054794520547945,at least 30 records
C01hg826,108,0.046296296296296294,at least 30 records
C01hqd_0,33,0.21212121212121213,at least 30 records
C01hqnd01,31,0.0967741935483871,at least 30 records
C02gg-_0,1,0.0,small group: unstable estimate
C02gg00u,44,0.18181818181818182,at least 30 records
C02gg020,12,0.16666666666666666,small group: unstable estimate
C02gg0_0,13,0.07692307692307693,small group: unstable estimate
C02gg0_d0,81,0.1728395061728395,at least 30 records
C02gg0w_,13,0.0,small group: unstable estimate
C02gg0x93,105,0.06666666666666667,at least 30 records
C02gg40v,1,1.0,small group: unstable estimate
C02gg8du0,9,0.0,small group: unstable estimate
C02gg93c0,1,1.0,small group: unstable estimate
C02gg_1_1,2,0.0,small group: unstable estimate
C02gg_3nwc,57,0.12280701754385964,at least 30 records
C02ggd10,17,0.11764705882352941,small group: unstable estimate
C02ggn0v,2,0.0,small group: unstable estimate
C02ggnd01,96,0.14583333333333334,at least 30 records
C02ggu9n,33,0.09090909090909091,at least 30 records
C02ggun10,5,0.0,small group: unstable estimate
C02ggw0,7,0.0,small group: unstable estimate
C02ggx00,38,0.15789473684210525,at least 30 records
C02ggx0u,5,0.2,small group: unstable estimate
C02ggzcz0,63,0.19047619047619047,at least 30 records
C02ggzn4,73,0.1232876712328767,at least 30 records
C02hk00u,18,0.0,small group: unstable estimate
C02hk0_0,1,1.0,small group: unstable estimate
C02hk0_d0,2,0.0,small group: unstable estimate
C02hk0x93,104,0.09615384615384616,at least 30 records
C02hk_3nwc,31,0.16129032258064516,at least 30 records
C02hknd01,12,0.16666666666666666,small group: unstable estimate
C02hkx0u,29,0.10344827586206896,small group: unstable estimate
C02hkz01,8,0.125,small group: unstable estimate
C02hkz0u,1,0.0,small group: unstable estimate
C02hkz40,16,0.0625,small group: unstable estimate
C02hkzc0u,2,0.0,small group: unstable estimate
C04hg89_x,79,0.12658227848101267,at least 30 records
C05gp0.0,14,0.07142857142857142,small group: unstable estimate
C05gp0v.w,8,0.25,small group: unstable estimate
C05gp80_9,17,0.058823529411764705,small group: unstable estimate
C05gpc3,51,0.2549019607843137,at least 30 records
C05gpd10,18,0.0,small group: unstable estimate
C05gpw20_,50,0.38,at least 30 records
C05gpx0_,90,0.15555555555555556,at least 30 records
C05gpx0u,81,0.09876543209876543,at least 30 records
C05gpz_0_,48,0.1875,at least 30 records
C06gg0.t,102,0.20588235294117646,at least 30 records
C06gg0v.w,17,0.11764705882352941,small group: unstable estimate
C06gg10,224,0.3794642857142857,at least 30 records
C06gg10t,56,0.16071428571428573,at least 30 records
C06gg1_3_,38,0.2631578947368421,at least 30 records
C06gg1z0,141,0.2695035460992908,at least 30 records
C06gg40,48,0.22916666666666666,at least 30 records
C06gg8114,15,0.2,small group: unstable estimate
C06gg8zv0,62,0.5161290322580645,at least 30 records
C06gg__z0,64,0.171875,at least 30 records
C06ggctn0,166,0.26506024096385544,at least 30 records
C06ggcz9,29,0.1724137931034483,small group: unstable estimate
C06ggd-0t,45,0.2222222222222222,at least 30 records
C06ggd10,28,0.25,small group: unstable estimate
C06ggn039,129,0.046511627906976744,at least 30 records
C06ggt10,68,0.27941176470588236,at least 30 records
C06ggt2_0,189,0.4126984126984127,at least 30 records
C06ggt_0,81,0.14814814814814814,at least 30 records
C06ggt_9,136,0.3382352941176471,at least 30 records
C06ggtu0,46,0.21739130434782608,at least 30 records
C06ggtz0,131,0.33587786259541985,at least 30 records
C06ggx0u,8,0.125,small group: unstable estimate
C06ggz01,31,0.0967741935483871,at least 30 records
C06ggz42_,4,0.5,small group: unstable estimate
C06ggzcz0,248,0.2903225806451613,at least 30 records
C06ggzt_0,108,0.2777777777777778,at least 30 records
C06gh1z0,2,0.0,small group: unstable estimate
C06ghan.,1,1.0,small group: unstable estimate
C06ghf11,2,0.5,small group: unstable estimate
C06ghzt_0,2,0.5,small group: unstable estimate
C06gi10t,22,0.13636363636363635,small group: unstable estimate
C06gi1z0,44,0.20454545454545456,at least 30 records
C06gi8zv0,28,0.10714285714285714,small group: unstable estimate
C06gin039,25,0.04,small group: unstable estimate
C06git_9,5,0.2,small group: unstable estimate
C06gitu0,15,0.06666666666666667,small group: unstable estimate
C06gitz0,16,0.3125,small group: unstable estimate
C06gizcz0,13,0.07692307692307693,small group: unstable estimate
C06gizt_0,23,0.08695652173913043,small group: unstable estimate
C06go1z0,150,0.5066666666666667,at least 30 records
C06got_9,137,0.5766423357664233,at least 30 records
C06gotz0,80,0.225,at least 30 records
C06gr0v.w,16,0.125,small group: unstable estimate
C06gr10,52,0.15384615384615385,at least 30 records
C06grd10,7,0.2857142857142857,small group: unstable estimate
C06grn039,82,0.07317073170731707,at least 30 records
C06grt2_0,43,0.20930232558139536,at least 30 records
C06grt_0,75,0.18666666666666668,at least 30 records
C06grt_9,121,0.5619834710743802,at least 30 records
C06grtz0,20,0.1,small group: unstable estimate
C06grx0u,73,0.136986301369863,at least 30 records
C06grz01,35,0.34285714285714286,at least 30 records
C06grzt_0,33,0.3333333333333333,at least 30 records
C06gsn039,185,0.0918918918918919,at least 30 records
C06hg10t,52,0.0,at least 30 records
C06hg2xcu,1215,0.15720164609053497,at least 30 records
C06hgfz_x,308,0.05194805194805195,at least 30 records
C06hgw8ad,164,0.036585365853658534,at least 30 records
C06hpx0u,26,0.0,small group: unstable estimate
C06hqzcz0,134,0.05970149253731343,at least 30 records
C06hs__z0,63,0.15873015873015872,at least 30 records
C06hsn039,98,0.07142857142857142,at least 30 records
C06hst2_0,38,0.15789473684210525,at least 30 records
C06hst_9,14,0.21428571428571427,small group: unstable estimate
C06hsx0u,25,0.16,small group: unstable estimate
C07gg-4v9,95,0.08421052631578947,at least 30 records
C07gg0.40,26,0.19230769230769232,small group: unstable estimate
C07gg00u,1,0.0,small group: unstable estimate
C07gg0c-0,75,0.2,at least 30 records
C07gg0w,27,0.14814814814814814,small group: unstable estimate
C07gg0xa,8,0.375,small group: unstable estimate
C07gg1.ww,48,0.25,at least 30 records
C07gg10u,3,0.0,small group: unstable estimate
C07gg1_3_,7,0.42857142857142855,small group: unstable estimate
C07gg2.nz,3,0.3333333333333333,small group: unstable estimate
C07gg6cz0,117,0.28205128205128205,at least 30 records
C07gg_0u,9,0.3333333333333333,small group: unstable estimate
C07gg_10u,9,0.2222222222222222,small group: unstable estimate
C07ggbx0,4,0.5,small group: unstable estimate
C07ggctn0,2,0.5,small group: unstable estimate
C07ggnd01,3,0.0,small group: unstable estimate
C07ggu9n,94,0.14893617021276595,at least 30 records
C07ggu_0,53,0.16981132075471697,at least 30 records
C07ggwd0,6,0.0,small group: unstable estimate
C07ggx0u,113,0.11504424778761062,at least 30 records
C07ggx0z2,47,0.1702127659574468,at least 30 records
C07ggz0u,60,0.1,at least 30 records
C07ggz40,40,0.15,at least 30 records
C07ho10u,3,0.3333333333333333,small group: unstable estimate
C07hpx0u,61,0.04918032786885246,at least 30 records
C07hqu9n,22,0.13636363636363635,small group: unstable estimate
C07hr0.0,67,0.2537313432835821,at least 30 records
C07hr0c-0,70,0.2571428571428571,at least 30 records
C07hr0w,33,0.18181818181818182,at least 30 records
C07hr1.ww,13,0.23076923076923078,small group: unstable estimate
C07hr6cz0,98,0.14285714285714285,at least 30 records
C07hr_10u,8,0.125,small group: unstable estimate
C07hrnd01,25,0.28,small group: unstable estimate
C07hru9n,45,0.2,at least 30 records
C07hru_0,7,0.14285714285714285,small group: unstable estimate
C07hrx0u,83,0.14457831325301204,at least 30 records
C07hrz0u,24,0.25,small group: unstable estimate
C07hrz40,53,0.1509433962264151,at least 30 records
C07hsx0u,2,0.0,small group: unstable estimate
C07igd31,107,0.4953271028037383,at least 30 records
C07ihu9n,19,0.05263157894736842,small group: unstable estimate
C07ppu9n,20,0.0,small group: unstable estimate
C08gg811,165,0.10909090909090909,at least 30 records
C08ggz3_0,10,0.3,small group: unstable estimate
C08ggzw0,2,0.0,small group: unstable estimate
C08gh10v,4,0.5,small group: unstable estimate
C08hgw2c,124,0.07258064516129033,at least 30 records
C10ggx1nv,94,0.02127659574468085,at least 30 records
C10grn0v,117,0.08547008547008547,at least 30 records
C10grx1nv,83,0.10843373493975904,at least 30 records
C11gg.20,6,0.16666666666666666,small group: unstable estimate
C11gg.n0,5,0.2,small group: unstable estimate
C11gg.z0,60,0.21666666666666667,at least 30 records
C11gg0.0,1,0.0,small group: unstable estimate
C11gg008_c,4,0.0,small group: unstable estimate
C11gg02z9,152,0.21710526315789475,at least 30 records
C11gg02z9_,8,0.375,small group: unstable estimate
C11gg0d.nz,54,0.2037037037037037,at least 30 records
C11gg0d.nz_,17,0.17647058823529413,small group: unstable estimate
C11gg0w13,69,0.21739130434782608,at least 30 records
C11gg0w13_,4,0.25,small group: unstable estimate
C11gg0x,8,0.375,small group: unstable estimate
C11ggbx0,4,0.25,small group: unstable estimate
C11ggd10,3,0.3333333333333333,small group: unstable estimate
C11gge4dc,4,0.25,small group: unstable estimate
C11ggn0v,15,0.26666666666666666,small group: unstable estimate
C11ggnd01,3,0.0,small group: unstable estimate
C11ggx0.,31,0.4838709677419355,at least 30 records
C11ggx0._,1,0.0,small group: unstable estimate
C11ggx0z2,27,0.14814814814814814,small group: unstable estimate
C11ggz_0,22,0.45454545454545453,small group: unstable estimate
C11ggzc0u,3,0.3333333333333333,small group: unstable estimate
C11ggzvznv,56,0.21428571428571427,at least 30 records
C11ggzvznv_,16,0.3125,small group: unstable estimate
C11gk.z0,43,0.20930232558139536,at least 30 records
C11gk0d.nz,35,0.34285714285714286,at least 30 records
C11gk0w13,27,0.18518518518518517,small group: unstable estimate
C11gk0w13_,10,0.2,small group: unstable estimate
C11gkz_0,24,0.08333333333333333,small group: unstable estimate
C11gr.z0,2,0.0,small group: unstable estimate
C11gr0.0,1,0.0,small group: unstable estimate
C11gr02z9,21,0.19047619047619047,small group: unstable estimate
C11gr02z9_,3,0.0,small group: unstable estimate
C11gr0d.nz,12,0.08333333333333333,small group: unstable estimate
C11gr0d.nz_,13,0.46153846153846156,small group: unstable estimate
C11gr0w13,2,0.5,small group: unstable estimate
C11gr0w13_,2,0.5,small group: unstable estimate
C11grbx0,1,0.0,small group: unstable estimate
C11grd10,20,0.2,small group: unstable estimate
C11grn0v,1,0.0,small group: unstable estimate
C11grnd01,2,1.0,small group: unstable estimate
C11grx0.,46,0.391304347826087,at least 30 records
C11grx0.__,1,0.0,small group: unstable estimate
C11grx0z2,56,0.08928571428571429,at least 30 records
C11grz1n,9,0.1111111111111111,small group: unstable estimate
C11grz_0,31,0.3548387096774194,at least 30 records
C11grzvznv,79,0.3037974683544304,at least 30 records
C11grzvznv_,15,0.3333333333333333,small group: unstable estimate
C11hg02z9,11,0.5454545454545454,small group: unstable estimate
C11hg0d.nz,5,0.4,small group: unstable estimate
C11hg0w13,41,0.14634146341463414,at least 30 records
C11hgbx0,8,0.125,small group: unstable estimate
C11hgx0.,3,0.0,small group: unstable estimate
C11hgzv_ff,1,1.0,small group: unstable estimate
C11hgzvznv,5,0.2,small group: unstable estimate
C11hl0d.nz,27,0.18518518518518517,small group: unstable estimate
C11ii0w13,2,0.0,small group: unstable estimate
C11iozc0u,17,0.29411764705882354,small group: unstable estimate
C12gg0.a,280,0.35714285714285715,at least 30 records
C12ggz_0,458,0.5458515283842795,at least 30 records
C12ggzcz0u,622,0.5016077170418006,at least 30 records
C12gia_0,18,0.1111111111111111,small group: unstable estimate
C12hga_0,30,0.06666666666666667,at least 30 records
C12hgx18a,629,0.13990461049284578,at least 30 records
C12hhx18a,180,0.21666666666666667,at least 30 records
C12hhx18aj28av.ew8x3d,5,0.4,small group: unstable estimate
C13gg0c6z,22,0.13636363636363635,small group: unstable estimate
C13gg0d_,10,0.2,small group: unstable estimate
C13gg0xa,45,0.1111111111111111,at least 30 records
C13gg10b,47,0.06382978723404255,at least 30 records
C13gg20,90,0.03333333333333333,at least 30 records
C13gg40v,17,0.058823529411764705,small group: unstable estimate
C13gg_0b,5,0.0,small group: unstable estimate
C13ggb20,58,0.1206896551724138,at least 30 records
C13ggb_0,368,0.08423913043478261,at least 30 records
C13ggb__0,44,0.1590909090909091,at least 30 records
C13ggbx0,108,0.009259259259259259,at least 30 records
C13ggd10,23,0.0,small group: unstable estimate
C13ggnd01,36,0.05555555555555555,at least 30 records
C13ggunzv,31,0.06451612903225806,at least 30 records
C13ggwd0,62,0.1774193548387097,at least 30 records
C13ggwzc,26,0.038461538461538464,small group: unstable estimate
C13ggz0,43,0.023255813953488372,at least 30 records
C13ggz0b,16,0.25,small group: unstable estimate
C13ghbx0,19,0.10526315789473684,small group: unstable estimate
C13gib__0,5,0.2,small group: unstable estimate
C13glbx0,2,0.0,small group: unstable estimate
C13gqb10,7,0.0,small group: unstable estimate
C13gr0c6z,12,0.08333333333333333,small group: unstable estimate
C13gr0d_,2,0.0,small group: unstable estimate
C13gr0xa,17,0.0,small group: unstable estimate
C13gr10b,77,0.16883116883116883,at least 30 records
C13gr20,22,0.0,small group: unstable estimate
C13gr40v,14,0.14285714285714285,small group: unstable estimate
C13gr_0b,7,0.14285714285714285,small group: unstable estimate
C13grb10,4,0.0,small group: unstable estimate
C13grb20,118,0.11016949152542373,at least 30 records
C13grb_0,64,0.09375,at least 30 records
C13grb__0,36,0.027777777777777776,at least 30 records
C13grbx0,61,0.03278688524590164,at least 30 records
C13grd10,8,0.125,small group: unstable estimate
C13grnd01,79,0.0,at least 30 records
C13grunzv,35,0.11428571428571428,at least 30 records
C13grwd0,100,0.05,at least 30 records
C13grwzc,26,0.038461538461538464,small group: unstable estimate
C13grz0,9,0.1111111111111111,small group: unstable estimate
C13grz0b,28,0.03571428571428571,small group: unstable estimate
C13hg0c6z,13,0.0,small group: unstable estimate
C13hgb10,1,0.0,small group: unstable estimate
C13hgb_0,85,0.047058823529411764,at least 30 records
C13hgb__0,3,0.3333333333333333,small group: unstable estimate
C13hgunzv,10,0.0,small group: unstable estimate
C13hgwzc,5,0.0,small group: unstable estimate
C13hgzcz0,1,0.0,small group: unstable estimate
C14gg8114,69,0.11594202898550725,at least 30 records
C14ggd0w,1,0.0,small group: unstable estimate
C14ggw10,4,0.0,small group: unstable estimate
C14gr8114,148,0.14189189189189189,at least 30 records
C14grw10,1,0.0,small group: unstable estimate
C15gg80d,67,0.04477611940298507,at least 30 records
d.wh,83,0.3614457831325301,at least 30 records
d0nc,31,0.12903225806451613,at least 30 records
d10t,19,0.21052631578947367,small group: unstable estimate
d1z0,32,0.25,at least 30 records
d8-e,2,0.0,small group: unstable estimate
db6,81,0.14814814814814814,at least 30 records
dbz,104,0.057692307692307696,at least 30 records
dd63,1,1.0,small group: unstable estimate
dde1,28,0.21428571428571427,small group: unstable estimate
dn03,28,0.14285714285714285,small group: unstable estimate
du6,78,0.3333333333333333,at least 30 records
dx8a,400,0.2025,at least 30 records
dzc0,23,0.21739130434782608,small group: unstable estimate
dzc8,31,0.3870967741935484,at least 30 records
t.n2,121,0.0743801652892562,at least 30 records
