created_year,issue_priority,tickets
2016,High,12
2016,Highest,1
2016,Low,8
2016,Lowest,1
2016,Medium,512
2016,unknown,2943
2017,Highest,1
2017,unknown,2898
2018,Highest,1
2018,unknown,3050
2019,Blocker,1
2019,High,22
2019,Highest,19
2019,Low,7
2019,Lowest,1
2019,Medium,2694
2019,unknown,233
2020,Blocker,3
2020,High,48
2020,Highest,20
2020,Low,14
2020,Lowest,1
2020,Medium,3089
2020,unknown,20
2021,Blocker,179
2021,High,1006
2021,Highest,569
2021,Low,116
2021,Lowest,8
2021,Medium,2707
2021,unknown,1
2022,Blocker,326
2022,High,1839
2022,Highest,861
2022,Low,154
2022,Lowest,5
2022,Medium,2512
2023,Blocker,59
2023,High,524
2023,Highest,235
2023,Low,45
2023,Lowest,5
2023,Medium,598
