split,model,forecast_window_days,forecast_days,forecast_origins,MAE,RMSE,WAPE,sMAPE,signed_bias_actual_minus_forecast,validation_abs_error_p90,coverage_90_interval,interpretation
validation,Seasonal naive (same weekday last week),7,364,52,5.142857142857143,7.473396038726193,0.3874974125439867,0.5726761889767182,0.0934065934065934,12.0,,historical backtest; transfer to current operations is unverified
validation,ETS (weekly additive),7,364,52,4.227265985924956,5.790660377151756,0.3185106228268855,0.5474981102556086,0.3338678215459568,8.801554099439954,,historical backtest; transfer to current operations is unverified
validation,XGBoost autoregression (28-day lags),7,364,52,4.181157049978827,6.020386461720699,0.3150364657818864,0.5415008637036139,1.3095402757708845,9.359890270233151,,historical backtest; transfer to current operations is unverified
validation,Ridge (MI-selected features + PCA),7,364,52,4.323507467977262,6.293326118136533,0.3257621027414041,0.5487469494870756,1.873756558203648,9.491934984728283,,historical backtest; transfer to current operations is unverified
test,Seasonal naive (same weekday last week),7,357,51,6.408963585434174,9.83078113392223,0.3860300320566897,0.5286058539681338,0.0448179271708683,12.0,0.8627450980392157,historical backtest; transfer to current operations is unverified
test,ETS (weekly additive),7,357,51,4.758323761185676,7.398094795986622,0.2866073195112681,0.4476473046572332,0.3859315355475543,8.801554099439954,0.8739495798319328,historical backtest; transfer to current operations is unverified
test,XGBoost autoregression (28-day lags),7,357,51,5.049221760168129,7.722057802143441,0.3041289300455579,0.490345478860202,1.424021464519474,9.359890270233151,0.865546218487395,historical backtest; transfer to current operations is unverified
test,Ridge (MI-selected features + PCA),7,357,51,5.217716303761341,8.006776765409139,0.314277833717361,0.4578549283104502,1.6047474164165034,9.491934984728283,0.8375350140056023,historical backtest; transfer to current operations is unverified
validation,Seasonal naive (same weekday last week),30,359,48,5.411805555555556,7.803088775891534,0.3957042754138316,0.6075284186953944,0.4159722222222222,13.0,,historical backtest; transfer to current operations is unverified
validation,ETS (weekly additive),30,359,48,4.393814913939992,6.08867227314457,0.3212701064320904,0.5348207910608404,0.7771261919177357,9.12541598212105,,historical backtest; transfer to current operations is unverified
validation,XGBoost autoregression (28-day lags),30,359,48,4.68499862074645,6.712644275827571,0.3425610852988163,0.5651016998594038,2.307905638766372,10.572962093353278,,historical backtest; transfer to current operations is unverified
validation,Ridge (MI-selected features + PCA),30,359,48,4.778375485277019,6.856467993129234,0.3493886817710423,0.5522724752863964,2.625859110249229,10.473873825613676,,historical backtest; transfer to current operations is unverified
test,Seasonal naive (same weekday last week),30,359,48,6.489583333333333,9.31206654472214,0.3820523303352412,0.5349423949271422,0.4201388888888889,13.0,0.8604166666666667,historical backtest; transfer to current operations is unverified
test,ETS (weekly additive),30,359,48,4.672304845138525,7.197035877605334,0.275066188757133,0.4132757395207179,0.708716242180614,9.12541598212105,0.8770833333333333,historical backtest; transfer to current operations is unverified
test,XGBoost autoregression (28-day lags),30,359,48,5.421652504142063,7.925784973668081,0.3191815047409882,0.5030562837623886,1.690280209442911,10.572962093353278,0.8645833333333334,historical backtest; transfer to current operations is unverified
test,Ridge (MI-selected features + PCA),30,359,48,5.454248134944441,8.105360407800445,0.3211004625641862,0.453266784041227,2.4978940785324544,10.473873825613676,0.84375,historical backtest; transfer to current operations is unverified
