max_depth,learning_rate,n_estimators,is_configured_baseline,one_step_validation_mae
3,0.04,200,True,4.14281134727883
5,0.08,100,False,4.163419889995496
3,0.02,400,False,4.168842177072617
5,0.02,400,False,4.169789272138517
5,0.04,100,False,4.171634023483485
5,0.04,200,False,4.18552806418236
5,0.02,200,False,4.1877816595443305
3,0.04,400,False,4.204496214395925
3,0.08,100,False,4.218037670508844
2,0.04,400,False,4.227299936345383
2,0.08,200,False,4.230294846324888
2,0.04,200,False,4.233434490798271
3,0.02,200,False,4.244283672391552
2,0.02,400,False,4.245467355479933
3,0.04,100,False,4.246365337339166
2,0.08,100,False,4.2637294783167645
2,0.08,400,False,4.2672559673145205
5,0.08,200,False,4.268365473341044
5,0.04,400,False,4.269327253103256
3,0.08,200,False,4.28459403021899
5,0.08,400,False,4.349271895542537
3,0.08,400,False,4.3688951864634475
2,0.04,100,False,4.411120423715409
2,0.02,200,False,4.426346833738562
5,0.02,100,False,4.609911968283457
3,0.02,100,False,4.719511802555764
2,0.02,100,False,4.986221425174034
