scenario,split,forecast_window_days,model,scored_population,forecast_target_pairs,unique_target_dates,excluded_zero_record_pairs,MAE,RMSE,WAPE,sMAPE,signed_bias_actual_minus_forecast
canonical_zero_fill,test,7,ETS (weekly additive),observed_positive_dates_only,337,337,20,4.831020901651001,7.473737589015703,0.27468433336534287,0.36738898445884943,0.6185314453334594
canonical_zero_fill,test,7,ETS (weekly additive),zero_assumed_all_dates,357,357,0,4.758323761185676,7.398094795986621,0.28660731951126817,0.44764730465723324,0.38593153554755427
canonical_zero_fill,test,7,Seasonal naive (same weekday last week),observed_positive_dates_only,337,337,20,6.643916913946588,10.06344856560816,0.37776278049603507,0.4828257859543731,0.19287833827893175
canonical_zero_fill,test,7,Seasonal naive (same weekday last week),zero_assumed_all_dates,357,357,0,6.408963585434174,9.83078113392223,0.38603003205668973,0.5286058539681338,0.04481792717086835
canonical_zero_fill,test,7,XGBoost autoregression (28-day lags),observed_positive_dates_only,337,337,20,5.124055514084479,7.812734057385293,0.2913458255857043,0.40075173873321107,1.733356447973308
canonical_zero_fill,test,7,XGBoost autoregression (28-day lags),zero_assumed_all_dates,357,357,0,5.049221760168129,7.722057802143441,0.30412893004555797,0.490345478860202,1.424021464519474
canonical_zero_fill,test,30,ETS (weekly additive),observed_positive_dates_only,1370,339,70,4.751021088953303,7.257603459157876,0.26610379770507053,0.3511803393502436,0.9049426816595142
canonical_zero_fill,test,30,ETS (weekly additive),zero_assumed_all_dates,1440,359,0,4.672304845138525,7.197035877605334,0.27506618875713307,0.4132757395207179,0.708716242180614
canonical_zero_fill,test,30,Seasonal naive (same weekday last week),observed_positive_dates_only,1370,339,70,6.662773722627737,9.445116144235717,0.3731807031888798,0.49512193335407656,0.6
canonical_zero_fill,test,30,Seasonal naive (same weekday last week),zero_assumed_all_dates,1440,359,0,6.489583333333333,9.312066544722141,0.3820523303352412,0.5349423949271422,0.4201388888888889
canonical_zero_fill,test,30,XGBoost autoregression (28-day lags),observed_positive_dates_only,1370,339,70,5.474271495218804,7.9568537470242955,0.3066129169439804,0.42657010848017507,2.001044641688031
canonical_zero_fill,test,30,XGBoost autoregression (28-day lags),zero_assumed_all_dates,1440,359,0,5.421652504142063,7.925784973668081,0.3191815047409882,0.5030562837623888,1.690280209442911
canonical_zero_fill,validation,7,ETS (weekly additive),observed_positive_dates_only,326,326,38,4.339813762773288,5.953536019962878,0.2928543338157921,0.37818807402773463,0.7529859486359533
canonical_zero_fill,validation,7,ETS (weekly additive),zero_assumed_all_dates,364,364,0,4.227265985924956,5.790660377151756,0.3185106228268855,0.5474981102556086,0.3338678215459568
canonical_zero_fill,validation,7,Seasonal naive (same weekday last week),observed_positive_dates_only,326,326,38,5.558282208588957,7.811427840540771,0.37507762368039743,0.5044605300230841,0.2883435582822086
canonical_zero_fill,validation,7,Seasonal naive (same weekday last week),zero_assumed_all_dates,364,364,0,5.142857142857143,7.473396038726193,0.38749741254398673,0.5726761889767182,0.09340659340659341
canonical_zero_fill,validation,7,XGBoost autoregression (28-day lags),observed_positive_dates_only,326,326,38,4.4408264515772915,6.2647120049761735,0.29967075620248335,0.37149176192673466,1.6898908078487664
canonical_zero_fill,validation,7,XGBoost autoregression (28-day lags),zero_assumed_all_dates,364,364,0,4.181157049978827,6.020386461720699,0.3150364657818864,0.5415008637036139,1.3095402757708843
canonical_zero_fill,validation,30,ETS (weekly additive),observed_positive_dates_only,1302,322,138,4.503322570805201,6.238734687408736,0.2977214373508872,0.3841335938000077,1.2156906338300744
canonical_zero_fill,validation,30,ETS (weekly additive),zero_assumed_all_dates,1440,359,0,4.393814913939992,6.08867227314457,0.3212701064320904,0.5348207910608404,0.7771261919177355
canonical_zero_fill,validation,30,Seasonal naive (same weekday last week),observed_positive_dates_only,1302,322,138,5.797235023041475,8.114294909235179,0.3832639382553062,0.5352080821208662,0.6482334869431644
canonical_zero_fill,validation,30,Seasonal naive (same weekday last week),zero_assumed_all_dates,1440,359,0,5.4118055555555555,7.803088775891534,0.39570427541383163,0.6075284186953944,0.41597222222222224
canonical_zero_fill,validation,30,XGBoost autoregression (28-day lags),observed_positive_dates_only,1302,322,138,4.985887453440697,6.973511256190781,0.3296245285051177,0.4130157049136264,2.7482002068499813
canonical_zero_fill,validation,30,XGBoost autoregression (28-day lags),zero_assumed_all_dates,1440,359,0,4.68499862074645,6.712644275827571,0.3425610852988163,0.565101699859404,2.3079056387663717
causal_missing_record_stress,test,7,ETS (weekly additive),observed_positive_dates_only,337,337,20,4.868249959056393,7.495561014981682,0.27680111965615056,0.3576476517434574,0.4463551769727214
causal_missing_record_stress,test,7,Seasonal naive (same weekday last week),observed_positive_dates_only,337,337,20,6.534124629080119,9.92284777732025,0.3715201619706428,0.41981626778688674,0.02373887240356083
causal_missing_record_stress,test,7,XGBoost autoregression (28-day lags),observed_positive_dates_only,337,337,20,5.178106666672478,7.864581471084688,0.2944190900402607,0.3725451641065256,1.511534020879502
causal_missing_record_stress,test,30,ETS (weekly additive),observed_positive_dates_only,1370,339,70,4.789668957162858,7.264706526348303,0.26826845753528683,0.34693537925477164,0.7209787707620747
causal_missing_record_stress,test,30,Seasonal naive (same weekday last week),observed_positive_dates_only,1370,339,70,6.574817518248175,9.35897048115621,0.36825429272281274,0.4340788339983967,0.431021897810219
causal_missing_record_stress,test,30,XGBoost autoregression (28-day lags),observed_positive_dates_only,1370,339,70,5.4361464745806956,7.904357054164954,0.304477541707913,0.39618488966754695,1.583308524632976
causal_missing_record_stress,validation,7,ETS (weekly additive),observed_positive_dates_only,326,326,38,4.346213657750174,5.942094243035673,0.29328620418682605,0.3729638432124916,0.5656333825988888
causal_missing_record_stress,validation,7,Seasonal naive (same weekday last week),observed_positive_dates_only,326,326,38,5.464723926380368,7.749084648101063,0.3687642310080729,0.3962842226903351,0.1334355828220859
causal_missing_record_stress,validation,7,XGBoost autoregression (28-day lags),observed_positive_dates_only,326,326,38,4.440967148981211,6.306277153423414,0.2996802505832902,0.3526448100152729,1.5579495643911185
causal_missing_record_stress,validation,30,ETS (weekly additive),observed_positive_dates_only,1302,322,138,4.498962624533813,6.220912977332335,0.2974331947366215,0.38055082041745,1.0175954608606022
causal_missing_record_stress,validation,30,Seasonal naive (same weekday last week),observed_positive_dates_only,1302,322,138,5.690092165898617,8.03934974940394,0.3761805626079009,0.421785477702314,0.4773425499231951
causal_missing_record_stress,validation,30,XGBoost autoregression (28-day lags),observed_positive_dates_only,1302,322,138,4.980044291636545,6.933807701530089,0.32923822827819543,0.3930882711105972,2.500995457950642
