date,lead_day,terminal_level,trend_contribution,seasonal_contribution,last_updated_seasonal_state,forecast_seasonal_minus_last_updated,forecast_tickets_raw,forecast_tickets_clipped
2023-03-15 00:00:00+00:00,1,20.09652827886354,0.000713006120130807,4.233747466124021,4.233747466124021,0.0,24.330988751107693,24.330988751107693
2023-03-16 00:00:00+00:00,2,20.09652827886354,0.001426012240261614,4.882969812466926,4.882969812466925,8.881784197001252e-16,24.98092410357073,24.98092410357073
2023-03-17 00:00:00+00:00,3,20.09652827886354,0.002139018360392421,-14.728975960529853,-14.728975960529853,0.0,5.36969133669408,5.36969133669408
2023-03-18 00:00:00+00:00,4,20.09652827886354,0.002852024480523228,-14.92277090246379,-14.922770902463789,-1.7763568394002505e-15,5.176609400880272,5.176609400880272
2023-03-19 00:00:00+00:00,5,20.09652827886354,0.0035650306006540346,8.378867403044612,8.37886740304461,1.7763568394002505e-15,28.47896071250881,28.47896071250881
2023-03-20 00:00:00+00:00,6,20.09652827886354,0.004278036720784842,6.910253371492451,6.910253371492453,-1.7763568394002505e-15,27.011059687076777,27.011059687076777
2023-03-21 00:00:00+00:00,7,20.09652827886354,0.004991042840915649,4.624571899557745,4.315451169925816,0.30912072963192916,24.7260912212622,24.7260912212622
2023-03-22 00:00:00+00:00,8,20.09652827886354,0.005704048961046456,4.233747466124021,4.233747466124021,0.0,24.33597979394861,24.33597979394861
2023-03-23 00:00:00+00:00,9,20.09652827886354,0.0064170550811772625,4.882969812466926,4.882969812466925,8.881784197001252e-16,24.985915146411642,24.985915146411642
2023-03-24 00:00:00+00:00,10,20.09652827886354,0.007130061201308069,-14.728975960529853,-14.728975960529853,0.0,5.374682379534997,5.374682379534997
2023-03-25 00:00:00+00:00,11,20.09652827886354,0.007843067321438876,-14.92277090246379,-14.922770902463789,-1.7763568394002505e-15,5.181600443721189,5.181600443721189
2023-03-26 00:00:00+00:00,12,20.09652827886354,0.008556073441569684,8.378867403044612,8.37886740304461,1.7763568394002505e-15,28.48395175534972,28.48395175534972
2023-03-27 00:00:00+00:00,13,20.09652827886354,0.009269079561700491,6.910253371492451,6.910253371492453,-1.7763568394002505e-15,27.016050729917694,27.016050729917694
2023-03-28 00:00:00+00:00,14,20.09652827886354,0.009982085681831298,4.624571899557745,4.315451169925816,0.30912072963192916,24.731082264103115,24.731082264103115
2023-03-29 00:00:00+00:00,15,20.09652827886354,0.010695091801962105,4.233747466124021,4.233747466124021,0.0,24.340970836789527,24.340970836789527
2023-03-30 00:00:00+00:00,16,20.09652827886354,0.011408097922092911,4.882969812466926,4.882969812466925,8.881784197001252e-16,24.99090618925256,24.99090618925256
2023-03-31 00:00:00+00:00,17,20.09652827886354,0.012121104042223718,-14.728975960529853,-14.728975960529853,0.0,5.379673422375911,5.379673422375911
2023-04-01 00:00:00+00:00,18,20.09652827886354,0.012834110162354525,-14.92277090246379,-14.922770902463789,-1.7763568394002505e-15,5.186591486562106,5.186591486562106
2023-04-02 00:00:00+00:00,19,20.09652827886354,0.013547116282485332,8.378867403044612,8.37886740304461,1.7763568394002505e-15,28.48894279819064,28.48894279819064
2023-04-03 00:00:00+00:00,20,20.09652827886354,0.014260122402616138,6.910253371492451,6.910253371492453,-1.7763568394002505e-15,27.021041772758608,27.021041772758608
2023-04-04 00:00:00+00:00,21,20.09652827886354,0.014973128522746947,4.624571899557745,4.315451169925816,0.30912072963192916,24.736073306944036,24.736073306944036
2023-04-05 00:00:00+00:00,22,20.09652827886354,0.015686134642877752,4.233747466124021,4.233747466124021,0.0,24.34596187963044,24.34596187963044
2023-04-06 00:00:00+00:00,23,20.09652827886354,0.01639914076300856,4.882969812466926,4.882969812466925,8.881784197001252e-16,24.995897232093476,24.995897232093476
2023-04-07 00:00:00+00:00,24,20.09652827886354,0.01711214688313937,-14.728975960529853,-14.728975960529853,0.0,5.384664465216828,5.384664465216828
2023-04-08 00:00:00+00:00,25,20.09652827886354,0.017825153003270176,-14.92277090246379,-14.922770902463789,-1.7763568394002505e-15,5.19158252940302,5.19158252940302
2023-04-09 00:00:00+00:00,26,20.09652827886354,0.018538159123400982,8.378867403044612,8.37886740304461,1.7763568394002505e-15,28.493933841031556,28.493933841031556
2023-04-10 00:00:00+00:00,27,20.09652827886354,0.01925116524353179,6.910253371492451,6.910253371492453,-1.7763568394002505e-15,27.026032815599525,27.026032815599525
2023-04-11 00:00:00+00:00,28,20.09652827886354,0.019964171363662596,4.624571899557745,4.315451169925816,0.30912072963192916,24.74106434978495,24.74106434978495
2023-04-12 00:00:00+00:00,29,20.09652827886354,0.020677177483793403,4.233747466124021,4.233747466124021,0.0,24.350952922471357,24.350952922471357
2023-04-13 00:00:00+00:00,30,20.09652827886354,0.02139018360392421,4.882969812466926,4.882969812466925,8.881784197001252e-16,25.00088827493439,25.00088827493439
