lag_days,acf,ljung_box_statistic,ljung_box_pvalue_unadjusted_model_df0,approximate_white_noise_95_bound
1,0.13462970935540244,47.68731308348366,4.99916339217841e-12,0.038233441417402654
2,0.05517363195318205,55.69947163006478,8.035509392566581e-13,0.038233441417402654
3,0.010641702970562966,55.99764857946922,4.205792459892596e-12,0.038233441417402654
4,-0.05070393941024629,62.76939496220721,7.588202503732507e-13,0.038233441417402654
5,-0.05141713822375543,69.73563798043581,1.1631756981433698e-13,0.038233441417402654
6,-0.007604609736734792,69.88807915436804,4.3107836411279493e-13,0.038233441417402654
7,-0.0013479476882680128,69.8928705293944,1.5529406205582326e-12,0.038233441417402654
8,0.011684359296151709,70.25302567527608,4.3761449656599325e-12,0.038233441417402654
9,-0.01937582144890717,71.24377973005078,8.679840057066676e-12,0.038233441417402654
10,-0.04669371891330251,76.99988060648263,1.9390434476346845e-12,0.038233441417402654
11,-0.05070656751234232,83.79044406808308,2.716746774497064e-13,0.038233441417402654
12,-0.016793311798525397,84.53554665767004,5.589934693390836e-13,0.038233441417402654
13,-0.0170047261794242,85.29981998329507,1.0991065601962305e-12,0.038233441417402654
14,0.023198813486666504,86.72282710203659,1.5724903525616474e-12,0.038233441417402654
15,0.01808709601691281,87.5881523745415,2.7887380674569547e-12,0.038233441417402654
16,-0.0004072866268110883,87.58859131765256,6.940641922077913e-12,0.038233441417402654
17,0.027267688477062735,89.55679882935107,7.34883192996867e-12,0.038233441417402654
18,-0.027143085886792387,91.50780680078252,7.734166589927212e-12,0.038233441417402654
19,-0.0024819161082412057,91.52412533797903,1.7791752753308544e-11,0.038233441417402654
20,-0.01751025430467375,92.33669093190029,2.885350100003555e-11,0.038233441417402654
21,-0.021090107792766512,93.5159186452529,3.966623874750596e-11,0.038233441417402654
22,0.01906558543002575,94.47998513779494,5.856491348219654e-11,0.038233441417402654
23,-0.00691380801454566,94.60681105539035,1.1833041958787833e-10,0.038233441417402654
24,-0.0022156683906090174,94.61984121253636,2.445852443418387e-10,0.038233441417402654
25,-0.04257153820817174,99.43206290320141,7.818789112359665e-11,0.038233441417402654
26,-0.027354329151955268,101.41964901759921,7.443687110338147e-11,0.038233441417402654
27,-0.012967057425339852,101.86645977998612,1.2682964896745428e-10,0.038233441417402654
28,-0.02070666243870176,103.00625798507711,1.6398827995851023e-10,0.038233441417402654
